{
  "ceil":[-0.05,-0.09,-0.3],
  "left":[
    [0.011,0.032,0.3],
    [0,0.019,0.082],
    [0.228,0.1,0],
    [-0.011,-0.032,-0.3],
    [0,-0.019,-0.082],
    [-0.228,-0.1,0]
  ],
  "right":[74.66175054376359,18.324817981822626,223.05637623762374,-41.38175054376359,-16.056817981822626,-202.46837623762372]
}